{"en-US": [{"bgColor": "", "directoryId": 498, "enhancedImageURI": "https://tiles.cdn.mozilla.net/images/d11ba0b3095bb19d8092cd29be9cbb9e197671ea.28088.png", "imageURI": "https://tiles.cdn.mozilla.net/images/1332a68badf11e3f7f69bf7364e79c0a7e2753bc.5316.png", "title": "Mozilla Community", "type": "affiliate", "url": "http://contribute.mozilla.org/"}, {"bgColor": "#ffffff", "directoryId": 499, "enhancedImageURI": "https://tiles.cdn.mozilla.net/images/1ddd27484ee94475bff83cf81d2bc50d7762508c.13811.png", "imageURI": "https://tiles.cdn.mozilla.net/images/942999d58ef3d83d0e8f88ad38f20dad1d498f39.3500.png", "title": "Firefox for Android", "type": "affiliate", "url": "https://play.google.com/store/apps/details?id=org.mozilla.firefox&referrer=utm_source%3Dmozilla%26utm_medium%3Dbanner%26utm_campaign%3Ddesktop01"}, {"bgColor": "", "directoryId": 685, "enhancedImageURI": "https://tiles.cdn.mozilla.net/images/ac6d4c41e4becdc7845558f8f63c4d64715f9d13.15199.png", "imageURI": "https://tiles.cdn.mozilla.net/images/5854fdf241ec23e2e17a511aceadaa99bac3b122.5544.png", "title": "Dashlane", "type": "sponsored", "url": "http://www.dashlane.com/?utm_source=mozilla&utm_campaign=DL_US"}, {"bgColor": "", "directoryId": 500, "enhancedImageURI": "https://tiles.cdn.mozilla.net/images/cc63774b7a9aae02fe36bc5caf90c1e25e66a2bc.13791.png", "imageURI": "https://tiles.cdn.mozilla.net/images/e822cd4628c5162313f49f5d4556f8aafdf38750.11513.png", "title": "Mozilla Manifesto", "type": "affiliate", "url": "https://www.mozilla.org/about/manifesto/"}, {"bgColor": "", "directoryId": 502, "enhancedImageURI": "https://tiles.cdn.mozilla.net/images/40e5630405d5031ca73393bd7bc0064156f2cc82.10984.png", "imageURI": "https://tiles.cdn.mozilla.net/images/490d42d1f9a76c07739626d1b8a569169aec8fbe.11039.png", "title": "Customize Firefox", "type": "affiliate", "url": "http://fastestfirefox.com/firefox/desktop/customize/"}, {"bgColor": "#fff", "directoryId": 690, "imageURI": "https://tiles.cdn.mozilla.net/images/8acf9436e1b315f5f04b9435a518bcd1aef131f8.5663.png", "title": "Mozilla Developer Network", "type": "affiliate", "url": "https://developer.mozilla.org/en-US/?utm_source=mozilla&utm_medium=firefox-tile&utm_campaign=default"}, {"bgColor": "", "directoryId": 504, "enhancedImageURI": "https://tiles.cdn.mozilla.net/images/877f1c561e735f7b9f419ff9ac79eb8c7481119d.16744.png", "imageURI": "https://tiles.cdn.mozilla.net/images/25c9fbb07308b84d160fc1b7959364a2c18f93b9.6404.png", "title": "Firefox Marketplace", "type": "affiliate", "url": "https://marketplace.firefox.com/"}, {"bgColor": "#3fb58e", "directoryId": 505, "enhancedImageURI": "https://tiles.cdn.mozilla.net/images/720121e7462d8c7863b4dd8fa7b5c1089b5f5fb2.33862.png", "imageURI": "https://tiles.cdn.mozilla.net/images/0e6031675a9c491dd0c65e9c67cfbf54a5880f17.2295.svg", "title": "Mozilla Webmaker", "type": "affiliate", "url": "https://webmaker.org/?utm_source=directory-tiles&utm_medium=firefox-browser"}, {"bgColor": "", "directoryId": 506, "enhancedImageURI": "https://tiles.cdn.mozilla.net/images/d971cbafa0309a201e518acdac4f1ee4dabc7eaa.15109.png", "imageURI": "https://tiles.cdn.mozilla.net/images/b4adc58dd3c02da355104977b910255060cfd6d8.10350.png", "title": "Firefox Sync", "type": "affiliate", "url": "http://mozilla-europe.org/firefox/sync"}, {"bgColor": "", "directoryId": 507, "enhancedImageURI": "https://tiles.cdn.mozilla.net/images/22fb856cd58365855eb725b1565f08a72464e039.18717.png", "imageURI": "https://tiles.cdn.mozilla.net/images/068e0ccbd8701a28e2f078c640ee072b9a16e2e1.12490.png", "title": "Privacy Principles", "type": "affiliate", "url": "http://europe.mozilla.org/privacy/you"}]}